,alpha,beta_Market,beta_HML,beta_SMB,beta_WML,beta_IML,pvalue_alpha,pvalue_Market,pvalue_HML,pvalue_SMB,pvalue_WML,pvalue_IML,tvalue_alpha,tvalue_Market,tvalue_HML,tvalue_SMB,tvalue_WML,tvalue_IML,fvalue,f_pvalue,R_squared_adj
2012-07-31,0.00960825440085275,0.9613845456284863,0.014900833125523955,0.2238402578923677,0.03803315589653469,0.09120543366510853,3.161122976057964e-05,2.2878662532307803e-26,0.8225919627628008,0.013079718288248688,0.46414286706528773,0.3437170408799093,4.575516321891388,20.903958687785604,0.22539341253758277,2.5735012940006263,0.7377034544458885,0.9559096114299163,136.2499420403632,6.812624124730562e-28,0.9247862949787418
2012-08-31,0.00996430259275634,0.9629011003451785,0.05675769997964851,0.25159749976318385,0.05574740656993875,0.0823895474039541,9.361831352521401e-06,2.0912609812708384e-27,0.39797235998547664,0.00210967084496848,0.27455318672381035,0.35755110917935995,4.933082206443097,22.040284454172955,0.8525536535620065,3.2429863184060985,1.1047564145600142,0.9286130404094729,147.11778160140142,1.1435013790223422e-28,0.929988828203377
2012-09-30,0.009737974649013938,0.9611138684766627,0.05130026402922688,0.25526165029795017,0.05977561614473387,0.0763695630597555,9.80286433557703e-06,7.972090571805156e-28,0.43907246436750624,0.0016951500000397513,0.2362875744171332,0.38879384606458633,4.909027659356855,22.1487378507883,0.7798688221909941,3.3144542232512966,1.1984339422875052,0.8692299953578231,148.6455293376388,3.717020922758945e-29,0.9294912482164134
2012-10-31,0.010207749617967206,0.9590347387691687,0.05601256935414181,0.2177635176566079,0.05025362600834654,0.10882052498339218,9.406235809887915e-06,3.450089922696118e-27,0.41067497287746835,0.012392063869364181,0.3354743715247539,0.23056647204282432,4.931706940606822,21.798457024470665,0.8296595250791652,2.594675298533035,0.9725180773135468,1.2136946273779643,132.13339193899026,1.386675834225452e-27,0.9226079118359346
2012-11-30,0.010066972940785129,0.9607617676962985,0.05724200402194317,0.21401154592384228,0.04979194213840224,0.11676978617291311,1.2266222194333422e-05,8.326444720771589e-27,0.40298631538815544,0.014342247566494392,0.3417637509432063,0.19662126592688534,4.85437520616721,21.378116270392706,0.8434638324089686,2.5371371110014334,0.9598213929716128,1.3086948680531263,128.13949485967626,2.8187943753250043e-27,0.9203703472987654
2012-12-31,0.01001737479359422,0.9616817615145437,0.056105168162486035,0.21349312440941076,0.049318521488370536,0.11939142716349305,1.5000936311579722e-05,1.3047687432922616e-26,0.41204325775444695,0.014557330224773277,0.34741627619336557,0.19782326858987917,4.795510179117849,21.16635107279339,0.8272195500140725,2.531234367033077,0.9485411555764005,1.305129306799654,127.0163975064861,3.45379680204886e-27,0.9197176381791875
2013-01-31,0.010141464537816912,0.9639154565592278,0.05725301055051951,0.21138375763009337,0.05023791506178502,0.12370584548068242,1.056193667420095e-05,8.821975939197181e-27,0.39355809728046065,0.014092813875500997,0.33569615232335626,0.17704655201821515,4.897993346433307,21.35076652087175,0.8606153113602298,2.544084160576132,0.9720676892418968,1.3692304965370607,128.72050727961206,2.5392026474896585e-27,0.9207038655227244
2013-02-28,0.010358736356639035,0.9609092934701771,0.05352861816495826,0.21208574587472018,0.050039758369873864,0.12179165287138131,5.893848647654236e-06,3.822725558019567e-27,0.42249505400982224,0.01348350109584537,0.33617427025757596,0.18228337494591507,5.0555279002070845,21.408873295993047,0.8086110131009427,2.5596960637320487,0.9709124459817298,1.3521809860006002,129.60779387292328,9.50908823927822e-28,0.9198900169315302
2013-03-31,0.010123940208530425,0.9550208189608694,0.06156084737999524,0.21822411961298163,0.05229403724009665,0.11498096571499675,7.882130644383527e-06,5.675931073036559e-27,0.35417798865612826,0.00974891104262608,0.31304334348867274,0.2015516514161164,4.97197100792233,21.225501356247584,0.9350323712398195,2.6854582099384348,1.018934823608822,1.2938341005779388,127.15221522968645,1.4910756948353536e-27,0.9184578131392285
2013-04-30,0.010411303972525791,0.9537443223669774,0.05882504950770908,0.21173482135988114,0.04628710920436129,0.107836074310986,8.113317146968559e-06,5.902409764924394e-27,0.3709418231695091,0.012803656536488447,0.38188840041933914,0.23745448145117132,4.9636402198981315,21.207418913755625,0.9026756450845861,2.579997632458463,0.8820497223172614,1.1954136966061755,127.74978417653956,1.335488657174473e-27,0.9188110364444867
2013-05-31,0.01085934316171599,0.9667079080482027,0.05344057715305851,0.19880087959829948,0.04853806793989118,0.1080133325024901,3.1383006410531896e-06,1.1475624486975314e-26,0.40634483092042095,0.01727016510513618,0.355364957776498,0.23220573657303062,5.235452881070007,20.90202298860265,0.837274428665841,2.461220548244499,0.9327091727282726,1.2090850390699395,125.18442605166778,2.1506914859885228e-27,0.9172726115799638
2013-06-30,0.011471053415344755,0.913669086466351,0.037174111764446544,0.17074484161239842,0.01871276822891236,0.05073003405864843,2.6481952538874877e-07,1.7190121459804764e-26,0.5401736935031332,0.028721225795972208,0.6983839722434195,0.5635819562325635,5.929112444899498,20.71811844221214,0.6167034610667842,2.251046138908139,0.3896960747727173,0.581325066340929,128.84705598598052,1.092179798819195e-27,0.9194517286210703
2013-07-31,0.011626131452379725,0.9081656671122322,0.04896393487807861,0.16876464849541306,0.01866044926087668,0.055657299825085625,1.7327557553621933e-07,1.054068739591787e-25,0.4418961556063097,0.030112971920193167,0.6983188760353765,0.5288526100225787,6.046739095341265,19.90846291831574,0.775037745957988,2.230899001882157,0.38978465265358186,0.6340953394968524,118.53241409645369,7.725062936363899e-27,0.9129978251506391
2013-08-31,0.011095610294771597,0.9277400192638563,0.031966329196073034,0.15132956129247277,0.019304536581024528,0.09428735908479839,6.495730859910281e-07,8.667548804921205e-24,0.603112032862912,0.054094526716068944,0.6898250936649535,0.3340628265885561,5.679183024900405,18.041143647849395,0.5231840550825483,1.9715760532101552,0.40136934649118555,0.9752026834168217,107.62322611421962,7.30396144282014e-26,0.9049423414264472
2013-09-30,0.010800011599447549,0.8970962495122369,0.043767219645588676,0.1651066447474767,0.029913860835678922,0.07839979506288176,2.5224670843180135e-06,3.8810451387244607e-22,0.49658051144426885,0.04312400025000369,0.5512516750655824,0.4397718243773141,5.297460410582335,16.537619543209846,0.6847843346494932,2.0742311617397013,0.5998659112643265,0.7786705760476861,90.03659482329373,4.3985194418458295e-24,0.8882643607382674
2013-10-31,0.010800011599447549,0.8970962495122369,0.043767219645588676,0.1651066447474767,0.029913860835678922,0.07839979506288176,2.5224670843180135e-06,3.8810451387244607e-22,0.49658051144426885,0.04312400025000369,0.5512516750655824,0.4397718243773141,5.297460410582335,16.537619543209846,0.6847843346494932,2.0742311617397013,0.5998659112643265,0.7786705760476861,90.03659482329373,4.3985194418458295e-24,0.8882643607382674
2013-11-30,0.01136016513865492,0.8794515564789964,0.0343604469820286,0.18059588706667032,0.03148028972876015,0.028636098350023047,9.163842693847116e-07,4.409533108723829e-22,0.5972381160731712,0.028660010063816885,0.5367881653851999,0.7698070616422739,5.568457235756747,16.29888750352393,0.5316417711750755,2.2506912380720108,0.6218030778542741,0.29415950454101103,87.03315863170103,4.956840915788447e-24,0.8829967111803058
2013-12-31,0.010469526708761286,0.8881553770686305,-0.02548687334468791,0.16420157937682076,0.007159190889231511,0.07242840120890529,1.965809035354484e-06,1.3777507672927398e-21,0.7015742782664537,0.038103019781211674,0.8913557680174935,0.4442162431794777,5.381579971873173,16.246495412508068,-0.38540216166981767,2.130151166983723,0.13728640021604452,0.7712025527557542,81.3046993139381,8.321311496364129e-23,0.8795242733106422
2014-01-31,0.009841960319466875,0.9189881403357031,-0.03631474479083829,0.1618634680085796,0.03261835800805163,0.07939476131751048,4.253291902885744e-06,3.4052773635371333e-25,0.5757752518364486,0.03560742911207441,0.5127589362609688,0.3946169655033931,5.137246496483278,19.133938288704304,-0.5631171783750654,2.1575096785158596,0.659070007302211,0.8583894506294472,107.77148618831541,3.382341038030579e-26,0.9035300276935401
2014-02-28,0.010001099021085182,0.9197200356613253,-0.0442398700004956,0.16702718979627956,0.027108203290483482,0.08061728792781458,2.5013362207869107e-06,2.020651287384362e-25,0.4886829707637039,0.030188487714680724,0.5846003506963557,0.3810665568242836,5.287304131372499,19.353632884166693,-0.6973614022817417,2.2286008466247105,0.5501084206543042,0.8834367741599752,109.26783040386282,2.4428030244655986e-26,0.9047363024671998
2014-03-31,0.009826229948259076,0.9201479621265717,-0.03377014358449582,0.1631386780295474,0.032464893982035635,0.10428505910131336,2.9608636702395185e-06,3.3188385966741216e-25,0.6047620982337698,0.03801839458011051,0.5282189293368149,0.2741123030340075,5.2397483699285505,19.144716952999833,-0.5207345748567923,2.1289020738361666,0.6349904481375902,1.1053121184731527,108.91682787119944,2.6356157275030335e-26,0.9044560586851496
2014-04-30,0.009781558454447324,0.9204494564276379,-0.03170616186370946,0.16332549594738718,0.03207593462494914,0.10443691536167354,3.6234341208191147e-06,4.199869796311984e-25,0.6289427136838747,0.0381287694348099,0.535114953250929,0.2788770851149765,5.1826654398618945,19.046188575064413,-0.4860940816807557,2.1276308435864917,0.624369365752191,1.094275780928704,106.38023804899417,4.5943629404633503e-26,0.9023807436047765
2014-05-31,0.009790307136970535,0.9198481575514512,-0.03363530756643762,0.13076990196527186,0.0243257727730574,0.12982476685469285,4.305106773933858e-06,7.388684873163874e-24,0.6113813832652599,0.13671439740281474,0.6552135863308963,0.20465003139409424,5.145402858811493,18.106358123319698,-0.511251425534837,1.5119674937531666,0.44916784078493105,1.2848491641468074,94.23433827681052,1.555279793797722e-24,0.8927555803502711
2014-06-30,0.00972860706464689,0.9183927471053412,-0.031148950180798864,0.13046885874089703,0.02494484123763031,0.13045810714459832,6.321713289879803e-06,2.3240483175446538e-23,0.6537718048687247,0.13781559021818707,0.6685041510905417,0.2026081518367572,5.035418235218928,17.64202288875611,-0.45118095565523053,1.5076444097064412,0.43069614420638463,1.2907588082274573,85.20129124375784,1.5390412494727967e-23,0.8826011697118111
2014-07-31,0.009134709270767151,0.9052252672810345,-0.020149153350520897,0.0890967146601733,0.03543018436926084,0.13601692719203692,4.0847415418884625e-05,8.328560571434583e-22,0.7750272960049153,0.38510537318531957,0.5489728462559962,0.22604871025550483,4.517000750496821,16.86494008399795,-0.2874209172904616,0.8765344123011535,0.6035677796412312,1.2263511737625377,71.62885414917693,4.392565213820001e-21,0.8695044992197836
2014-08-31,0.009236820123726884,0.9007854726703326,-0.017013298232040786,0.11201593950992786,0.035120555041662276,0.11856680507843208,1.4729767471055973e-05,3.2596569251174995e-23,0.7992214701715498,0.2016667991537607,0.5432143818076439,0.2422320811417554,4.800854396695125,17.73381176411939,-0.25571307428698425,1.293836461071845,0.6121470142076711,1.1834373643850082,83.64033482262774,4.444835465599424e-23,0.8825292538644158
2014-09-30,0.009226304927653948,0.8615841576953891,-0.044215431076551806,0.07972705526479135,0.020816602585123287,0.09402436941351282,5.616921104169436e-05,3.3197237873945524e-23,0.517391816898414,0.45644740239308945,0.7262217666181585,0.39826529161333724,4.411713866319838,17.96678390330241,-0.6520878577715566,0.7506594947849905,0.35216891717789695,0.8521708238509881,78.32323902389678,3.541553390865498e-22,0.8774443595171154
2014-10-31,0.009113595975053875,0.8919230535229646,-0.008729691891736988,0.1003307875722459,0.03472738714546056,0.1586513619218382,5.4758880223479554e-05,6.795539414137223e-21,0.8948077103295711,0.3358720886729766,0.5242526024853582,0.13707522426142352,4.41941412093468,15.825090618416501,-0.13291149341861094,0.9719033648697621,0.6413988211961101,1.5115346540162329,65.67083688408299,1.531525181532262e-20,0.8568983670263535
2014-11-30,0.009994366892485038,0.905274913406219,-0.033337059434758745,0.12439165123925733,0.02567857058143978,0.17300122354862202,1.4559511186496599e-05,5.67054624275056e-21,0.6320009195935712,0.23471407743272305,0.6403400439827402,0.10575442163649389,4.814719810327006,15.894815905326626,-0.481930587310473,1.2031115350664818,0.47014111891670957,1.6479839488358023,66.80929796558304,1.0646226060186262e-20,0.8590249449244146
2014-12-31,0.009446509928764512,0.8288247744766911,0.011468002204765598,0.06882441992907815,0.04655667542941557,0.14233540417014565,0.00011279043397135237,1.2070952054061885e-18,0.8761224265566699,0.534558595016148,0.42883116142840283,0.21250921307490256,4.198662259654842,13.913798892058024,0.1567034864911074,0.6254799040704312,0.7978084581919,1.2631601317127394,51.55151938165007,2.3295274319171337e-18,0.8239652398367461
2015-01-31,0.008333113139558364,0.818193567149398,-0.040882672855306904,0.06209070998258699,0.05934880557451823,0.10327810655422219,0.000508306192092348,3.0063196089064488e-21,0.5645356603204761,0.5722874914956779,0.3003842324481981,0.33821856549680784,3.7128021941966636,15.765404070268781,-0.5798994759736322,0.568355913141884,1.0462388411605632,0.9667756249303175,60.13222044711055,3.437661508164809e-20,0.8407557741131985
2015-02-28,0.008703788917580526,0.8140918994964788,-0.02273798985719671,0.08858808446764399,0.06389559015690773,0.11777802192037076,0.0005162180171411668,2.9058484494383006e-18,0.7464126259636732,0.42529574283483695,0.28607668101500816,0.2927964113609087,3.7180414556012265,13.604818908735048,-0.3252021255811058,0.8039732852264082,1.0785331997835774,1.0634375898878117,50.80992910543544,3.127658384486724e-18,0.8218113738227181
2015-03-31,0.008322847160273233,0.8318549135847644,-0.015326086179613396,0.03279114018891116,0.08578916110817,0.14553735495309886,0.0011223618029430386,7.582359154781723e-19,0.8371261568338705,0.7792581440994187,0.1872778907147911,0.21841017380143893,3.4575002673179354,13.93453072789449,-0.20664522638084024,0.28180238485995596,1.3369881504485386,1.2464423440139625,48.69040389268436,4.723679025714432e-18,0.8125758340304909
2015-04-30,0.007878890785991025,0.7888426847423352,-0.024943758273289453,0.02689285632725845,0.07594075025790986,0.11111119508117322,0.001997763549638171,2.0371027840551167e-19,0.7395815087483228,0.8224678903566922,0.2475485422819465,0.35121542748240053,3.2582741692545456,14.25055165010659,-0.3342234276518646,0.22553055706776468,1.1697269489449662,0.9408530456105243,51.57722740841399,9.073566285782995e-19,0.8187034208259956
2015-05-31,0.008334669807899125,0.8132296533572643,-0.054069801054270034,0.06692393003896163,0.05884587571895492,0.11434029304598622,0.0010944723359732375,1.7550346853907725e-19,0.47956220815135664,0.5784195766288791,0.36792406199836125,0.3294862356275432,3.4659132823463517,14.450553772052375,-0.7123449787348748,0.5593505599403399,0.9085925253762752,0.9847542163733178,53.141790998808354,7.753015805538527e-19,0.8257889137131444
2015-06-30,0.00886095364537488,0.8061609272721209,-0.0467677389685179,0.03978219252330754,0.03854264658988473,0.1545468594168056,0.0006011042007730287,3.4428958779533675e-19,0.5416277733341683,0.7415727183504203,0.5567550019166327,0.19813267189109243,3.66847741169779,14.36234640031918,-0.6146529464236662,0.33164362390095525,0.5917251860123338,1.30457262343688,51.04373411598998,2.8491376301721223e-18,0.8224961015802987
2015-07-31,0.008307000029215668,0.8150935010189599,-0.04962118657986223,0.004436315258712152,0.03455915861076484,0.1719296049223891,0.0013104912528408706,3.3984561327957294e-19,0.5143928391024364,0.9711430817453293,0.5957678136687063,0.1526216617687439,3.413895195039759,14.5266267469769,-0.6568839799011763,0.036363809354785684,0.5340558058511601,1.453393485461013,52.12596775378717,3.0036633552634975e-18,0.828273247293889
2015-08-31,0.008048841513421875,0.7970166378296669,-0.024919884528174504,0.01100051327500931,0.06285412653644107,0.1515023092170999,0.002800396798087402,1.548789997675222e-17,0.7586673925608096,0.9313096177595563,0.3763236808341247,0.2293908916066676,3.1511048984165324,13.156341114873575,-0.30898864243556323,0.08665071359983961,0.892979040237624,1.2174331700765135,43.41263948683725,1.1084332432182937e-16,0.8000476848048299
2015-09-30,0.007217303915371017,0.7610955987468063,0.04126710371635334,-0.08543709819316767,0.07999588280473777,0.15981626384684416,0.009334496433072935,2.852584367043922e-17,0.5966630724387212,0.5096252001930625,0.27101555504529956,0.21583288924473373,2.706384081582262,12.820356682991383,0.532679418549159,-0.6642798975235409,1.1132899943138765,1.2538855418304153,41.72109899303103,1.593762712929565e-16,0.7903771423536432
2015-10-31,0.006381325422029009,0.7455320976687052,0.05466496133215719,-0.09282638579134049,0.09754703186188175,0.15499135816111242,0.022198276760808683,6.2336269728036956e-18,0.46318248269212536,0.48454829369190533,0.1595501561756236,0.21797324658699518,2.3588951445322976,13.089346171904673,0.7391864885331839,-0.7041402986579084,1.4274315471799863,1.2473322444376016,42.590551703190556,4.7580814049245654e-17,0.7878408230516164
2015-11-30,0.006596261671457806,0.739434461863126,0.06472496025819918,-0.037878874757484526,0.07433338367587106,0.10699612798211058,0.020717030526510263,2.1697512793687064e-17,0.39441363794786155,0.7709700251372862,0.30465903160237984,0.3958500597958652,2.3858352670790817,12.572009517360419,0.8587612829589505,-0.2926292992757095,1.0367295805545522,0.8561369968992733,42.47018177476481,3.4037496124443026e-17,0.7843775145588534
2015-12-31,0.006884875508867599,0.7336825172170578,0.0611661061503284,-0.01695035644883588,0.07534690660993959,0.09108463165183475,0.01595654131991683,2.542001554614561e-17,0.42235378234909327,0.8945543278746613,0.30072297807552895,0.4676679920283763,2.4912979715647103,12.521490457513616,0.8087326191100415,-0.13319367805578927,1.0452919143600146,0.7316480400206131,41.933618315841684,4.421567749466124e-17,0.782166791311864
2016-01-31,0.006809042406237809,0.7343186345038862,0.07359843891480283,-0.00018856298621415177,0.11098717627545197,0.07990659267014619,0.020345064974511447,5.422088573417075e-17,0.3455301530940007,0.998847453565846,0.11234655084616774,0.5327329406579047,2.393243094496491,12.281231794829012,0.9519424873904995,-0.0014514642749048473,1.6150752106858106,0.6280299713576805,39.92062492286589,1.2086045738711822e-16,0.7734527339937745
2016-02-29,0.007230701352303242,0.7246668399361923,0.08658080811737481,-0.025056446654038906,0.0964168849775141,0.09376180523242736,0.016060100642795977,2.997299250569889e-16,0.2798615372221032,0.8524485253558485,0.1824505529659257,0.4701439825448037,2.4903601816109875,11.839761624571857,1.0922376324988063,-0.18694108092958855,1.3516550368173799,0.7276687769204762,38.6938441865072,3.2709136037988914e-16,0.7709323088346822
2016-03-31,0.008607719545507635,0.7264628233510599,0.08380109952865593,0.05757626695242566,0.09277524016829541,0.025777183003112443,0.004221791934777857,4.367810103143899e-16,0.3015787810008298,0.6274871728391951,0.20771718774133235,0.8296316081199587,2.9954767287282067,11.721626132601367,1.04362914315629,0.4882192146498311,1.2760545467871938,0.21628085145480183,40.69888991287989,1.1912450701455413e-16,0.7799559082885644
2016-04-30,0.007963679190161926,0.7205510302244634,0.07596952993683807,0.06717164907583675,0.09956058121246805,0.016969545647068703,0.006175072487789676,6.502577815535742e-16,0.349634113417729,0.5731318881060175,0.1716202582799375,0.8877493229273861,2.856980451182117,11.597388795010552,0.9439730374301853,0.5671031377817536,1.3865181337806511,0.14186023321726848,40.905882294138905,1.0756853352551032e-16,0.7808471452358728
2016-05-31,0.007819416942719879,0.7173976463504022,0.050619067545487326,0.0834791630939409,0.11911287979629598,0.012389479317050932,0.007036860386726413,6.964786747986727e-16,0.521899555437299,0.4908181314546385,0.10139847135109675,0.9179605618528963,2.8062587492830495,11.48826175263468,0.6447873867389309,0.6939243540116254,1.6676441159957986,0.10350472586239245,41.410413786297156,5.721029122839968e-17,0.7799670149900428
2016-06-30,0.008213215801316724,0.7134787179374213,0.06259390217783303,0.045554631118917804,0.07810702913591616,0.04882950361518787,0.0037928019641323184,1.0040223318699207e-15,0.4304138330789429,0.7099063576463218,0.31950582095306423,0.6878370727090144,3.03676515731445,11.552687937131456,0.7949260828218515,0.37410725661397515,1.0054827683653285,0.4041347971647591,42.591390198510915,7.089594360157675e-17,0.7908402885248038
2016-07-31,0.00897450787016332,0.7161366634220845,0.05914060291228386,0.05267018105660337,0.08700015491047218,0.07033160876223982,0.001436776925556449,4.215397292502231e-16,0.4434727319734909,0.6583875494571703,0.25558943793854755,0.5536552309540208,3.378404205293598,11.928165634544632,0.7725952761903128,0.44484930323815547,1.1503341350568617,0.596397395389077,44.760429752837574,3.9867285028179e-17,0.8020543450826043
2016-08-31,0.010598688196646762,0.6580479340185482,0.06669218467946819,0.18206130483304364,0.1586434463365014,0.027453901058238764,0.0001280715152046009,4.0932132868657715e-13,0.360103567864138,0.11586049261036173,0.027059993028375574,0.8163085225903753,4.166777495414445,9.853787981985244,0.924009029776841,1.6013526516517638,2.2804839511647783,0.23357463437810927,35.94156116968549,4.0285215002061585e-15,0.7672455724452452
2016-09-30,0.010476542213366566,0.6552598816265496,0.07509831592290198,0.17577132317840496,0.16293352867534444,0.0422288854174378,0.00019259263364380575,8.303955919012536e-13,0.3094998628823045,0.13415326353498594,0.02532896055099254,0.7242742410843165,4.0391095939803945,9.639689222294562,1.0271467007225987,1.5236692103002445,2.308402019764377,0.35482601971570327,34.04771924597555,1.0981187224661857e-14,0.7571465317520032
2016-10-31,0.010463640709194208,0.649313288296872,0.0925562360312466,0.21484920859690526,0.16362687459266337,-0.008419765680901805,0.0002461582576076854,1.8383881174261153e-12,0.2126136519411165,0.06839666237742453,0.026420118606883574,0.9418319718047516,3.9615450256269193,9.40105770918898,1.263214576918908,1.8643310388029894,2.2906132603466935,-0.07335056466464865,36.308779581775504,3.3324068219226444e-15,0.7691073451186251
2016-11-30,0.010097377329702287,0.628902836811195,0.05154301151294407,0.24966039732978432,0.19997533091772754,0.03161009043079767,0.000220684140449053,8.765826696504765e-13,0.460305177348587,0.0302701158238623,0.004901814993265479,0.7803519837122517,4.0102532498807,9.759894827577282,0.7445927361796703,2.23563605286869,2.956084252228472,0.280499533684449,33.61101124134548,2.7830007919681677e-14,0.7617435397052903
2016-12-31,0.01054363845772839,0.6128553671214549,0.07672791121930844,0.3127501595426818,0.23533842558571527,-0.04260611783477661,2.4151170862963853e-05,3.6725493241498686e-14,0.23202874185643435,0.004051260865539223,0.0003462803389279562,0.6819692587650665,4.696529915919629,10.767959898870696,1.2111364066689674,3.0257834808274495,3.865396753916263,-0.41239002234264893,41.18556852795129,6.952776719631464e-16,0.7975610815159986
2017-01-31,0.009564385439669018,0.65348396339805,0.09504121954271083,0.3375605602210861,0.256233240753225,-0.05925766875506486,0.00019858914097089586,3.7039653310502415e-15,0.16624584254619745,0.003380227776577097,0.00022319829371530796,0.567914255500366,4.043875498763908,11.523899228766203,1.4066692708574358,3.091242586336257,4.006636387732588,-0.5752668656868848,45.48657915174622,1.0832220597930328e-16,0.8134825736366378
2017-02-28,0.009592336620764712,0.5903427642706773,0.06407928096631804,0.22397587534254118,0.17820370326281687,-0.028373072181653705,0.00020628595967342916,3.7776211853934724e-13,0.3328784772255732,0.08964774188057467,0.0038478714117566788,0.8164842052392859,4.039435637440513,10.102245638267469,0.9788682689801671,1.7346544087184486,3.048070350493836,-0.23343252192564395,33.68507164266395,3.820946380484102e-14,0.7657260579596884
2017-03-31,0.009043157083036608,0.5662704183688321,0.07812509229851508,0.2137762781069215,0.16720115565978155,-0.04099631980950473,0.0001582836977875877,2.3343655970691505e-13,0.2117089564394219,0.0843717109531017,0.0037745359666916463,0.7222825754536428,4.123923035648189,10.257014936191071,1.2669000182127672,1.7648701157791726,3.0550608167809603,-0.3576429510871378,35.173809692925545,1.789369716601804e-14,0.7736215176025105
2017-04-30,0.009015668469186016,0.560342379573058,0.08163000306256153,0.23306452934513835,0.1571924268432928,-0.064452780289435,0.00017966157593374125,5.706325873773972e-13,0.18126023453733484,0.06699188041299035,0.007451378800316704,0.5992566222492908,4.091874732317638,10.051186084027542,1.3584026756033916,1.878190101865708,2.8056148917457384,-0.5293017457789754,34.11744633560525,4.409671459491925e-14,0.7716546337970323
2017-05-31,0.009110873166604635,0.5575789557591756,0.07745815057143819,0.19222543036251752,0.11574324111293595,-0.04290414902006861,0.0001428788619854479,7.516268358023017e-13,0.18815182702713243,0.13308080552233767,0.059116947223700575,0.7284422851286595,4.174219054380879,10.04566240396681,1.3373131469670072,1.531053133340153,1.9387192414592276,-0.34946995137981696,35.65311390805997,3.0331117377154755e-14,0.7830661132695677
2017-06-30,0.009512297533852543,0.547453003008632,0.0819816061331161,0.24762190932914876,0.12485513120446086,-0.08475642911779467,3.6722383068273525e-05,1.800433496455405e-13,0.15082093330914062,0.016423947871132532,0.03474532102361275,0.4334091949668374,4.57988509222466,10.340926637099525,1.4615208911423807,2.492732713187503,2.177259110442243,-0.7904532533818601,37.81376777016324,4.9470212012683174e-15,0.7863876274796769
2017-07-31,0.00953118990446797,0.5404649361381771,0.08549970118639805,0.24302918504412285,0.11911630439506046,-0.09151161312612305,3.269077353153885e-05,1.4534334900394724e-13,0.13536480624418556,0.017238803225921754,0.034898531467281474,0.3954843839034007,4.615560338446106,10.410318832024558,1.5205661075624908,2.4730553343762325,2.1753300124563175,-0.857917699441527,39.43725603881386,2.3233587546019603e-15,0.7935473472736199
2017-08-31,0.00902364417077976,0.5336855754043025,0.08030246196433462,0.23916710250798612,0.11857422541733231,-0.0912850374532593,7.105134386987594e-05,1.0165506237186317e-13,0.1550214023197977,0.0182557430919018,0.0325885665942669,0.3933684498148392,4.375812400748479,10.526639548064452,1.446304973937748,2.4496478567408513,2.205244447856901,-0.8617970375196722,41.1749390778767,1.0630761611605304e-15,0.8006973165532106
2017-09-30,0.008717557824119895,0.542842807322602,0.0802595408055258,0.19147026433061035,0.11466160449249356,-0.05341387191834131,0.00010217071727871808,6.891835043404347e-14,0.15090914716388876,0.09953246666945534,0.037071343181452936,0.6402156754436517,4.262211239746669,10.653738601122706,1.4611979351802595,1.6818171582955952,2.148746193338013,-0.4705772373911907,41.55993205764673,8.972227162244974e-16,0.8022149240905163
2017-10-31,0.008266322012370458,0.5441511315010737,0.07825019767723145,0.18232019061301039,0.11342356980289746,-0.0501492345677894,0.00029643046702380963,8.375280954144262e-14,0.1668856403110572,0.11816668448214396,0.04220074318016012,0.664290069193169,3.922701811578696,10.589903092023269,1.405005358301177,1.5929750481178386,2.0910476913685736,-0.4368766792485345,40.34381916926617,1.5399367042809578e-15,0.7973403727486803
2017-11-30,0.007694423707521979,0.5489610805304204,0.07593399241897208,0.1882046557496336,0.11020784497095214,-0.06897857755349146,0.0006720857937625903,6.283171625060059e-14,0.18214773654832644,0.11766239716416489,0.0500057001348172,0.5762900664999716,3.6538366638516058,10.684075485182902,1.3551052055746862,1.5952234077476295,2.0140510900330195,-0.5629101699652037,40.696942468140215,1.3146217569949864e-15,0.7987803775572146
2017-12-31,0.007905803074587055,0.5502315432965094,0.07657145726721168,0.1971368271126081,0.11204483477175414,-0.07734983029972273,0.0004488070767356446,3.288757413627133e-14,0.1765693359673283,0.1035614258009513,0.04529295198904394,0.531057718343743,3.787449800805174,10.897574302434554,1.3729563225486212,1.661519241141131,2.0591684232025074,-0.6312698664489159,42.529234280321006,5.886406491155743e-16,0.8059354046365289
2018-01-31,0.007046589123205417,0.5431164580740367,0.06883156055674844,0.17484773474471527,0.11439620406337786,-0.062373767427916796,0.001291529839142021,8.7417160712531e-15,0.20461386931425138,0.13638250700755047,0.03492833776388541,0.6002748666234726,3.4330317771751626,11.340749046954643,1.2871777517297711,1.5165178212765515,2.174955585117808,-0.5277365777956281,46.3378490538346,1.2078048449288313e-16,0.8192918559181501
2018-02-28,0.006940694408455201,0.5438918865716389,0.06538436720688344,0.1802933790732394,0.11583193458932482,-0.06549144497568346,0.0015644547011304717,8.156712784442306e-15,0.226789879645691,0.1389481922628804,0.03206030998184117,0.6001487605256869,3.366993753860261,11.364152888942918,1.2254262048438598,1.5064177262048621,2.2123482470574345,-0.5279197502219819,46.28861858294843,1.2319322995236645e-16,0.819130948533337
2018-03-31,0.006747787592987946,0.5469092480063815,0.06383722395656398,0.1701863731853915,0.1139172290199234,-0.05365544046503606,0.002270478477295721,7.495022000323317e-15,0.23847253203916893,0.1606701063638964,0.03521080696633519,0.6643058161490962,3.236893707343931,11.392771444619504,1.194676056227793,1.4263448654094997,2.171421127531708,-0.4368548044840805,45.919845911708904,1.42946500407435e-16,0.8179164592690891
2018-04-30,0.006567504152212704,0.5522984442389411,0.056500662820030495,0.1608100483667721,0.1146282296774837,-0.046414076229311145,0.0025644856620424734,8.689503047588935e-15,0.2884444935452291,0.20552481890801505,0.0347212909483752,0.7237106851428026,3.1938067495779747,11.34277230309539,1.0742337357988394,1.2845450401328018,2.1775623579019423,-0.3557223631467768,45.64601108542013,1.5973859013344227e-16,0.8170040264353704
2018-05-31,0.004812147858667494,0.6233496648352785,0.019222439825679262,0.08489167198412557,0.1606395624012207,0.05636512149867465,0.028242085215719543,1.0442026707986987e-19,0.7210415869232738,0.520845997126562,0.004184471727879023,0.6739812323432592,2.2623193520078635,14.967260413608113,0.3591720769954968,0.6467945306550104,3.0074730043192606,0.4232804697901297,62.72067602315302,6.968141380617696e-20,0.853430573621761
2018-06-30,0.004690362371103221,0.6241413650210639,0.019196641873827885,0.09266723944638688,0.1625442083051598,0.04919642248369123,0.03328223952111039,1.3346099968779455e-19,0.7233034783826685,0.4906931594054693,0.0037613464941076867,0.719837676649469,2.191736957998867,14.874930296321363,0.3561304156867754,0.6945379807208956,3.0459459697452487,0.3607924049590579,63.87386382056058,4.7832008920196636e-20,0.8557310116984246
2018-07-31,0.004877986759976266,0.6235952788995544,0.01849053624921393,0.07373924100972963,0.1574807217962521,0.0647452502290696,0.028540447667857075,9.683487313148512e-20,0.732560674096191,0.6005864853499634,0.0054156011396774935,0.6472260765021706,2.2578415418823767,14.99571226343361,0.34371641077816695,0.527049891166763,2.9132798526659855,0.46051519715344985,62.402476610385975,7.738511743761496e-20,0.852782841660324
2018-08-31,0.0047070598679394265,0.643629682467277,0.0276972696947893,0.12797874109824126,0.1620664097198681,0.00022757513567674137,0.058882230135675374,1.294509530848088e-18,0.6429621359135274,0.41585887084150686,0.009688706207267243,0.9988429636618275,1.934136609506005,13.889056347098874,0.46644787966737916,0.8205816232959617,2.6921079251559856,0.0014575475393084382,57.48058655325426,2.488930579929408e-19,0.8394782127612468
2018-09-30,0.004771165398173722,0.6423046649421376,0.031167346374133934,0.133867920073839,0.16293648600521266,-0.009932290789497176,0.0559710470153189,2.6605673603952174e-18,0.6090923353866113,0.40976874361083804,0.009495711105665945,0.9512835807515908,1.9577150429939458,13.635647931366542,0.5146773946118285,0.8314218472495888,2.6998257894983153,-0.061408626016811345,57.47847116405172,2.49082948866336e-19,0.8394731655886577
2018-10-31,0.005158297916366757,0.648608730506915,0.02836227192910541,0.12011077983115606,0.15568818549512248,0.0028010243637536375,0.04382308067912668,5.182926850402112e-18,0.6433362484810281,0.46329583118061635,0.01425584681084347,0.9863657304390491,2.0703382056380133,13.54072209394034,0.4659817930363133,0.7393486823986086,2.543360606987306,0.017178111018392714,56.96484420117444,5.003345871345208e-19,0.8407567819438692
2018-11-30,0.0055934914364759855,0.6583457445127053,0.02169446908250932,0.10205239583809439,0.15336832910547885,0.01895043953250515,0.027307304833002078,2.2833848157904158e-18,0.7234300154746158,0.5313589726219609,0.01650702719923158,0.9080806934300092,2.2766260360010753,13.832861523373818,0.3559603552028442,0.6304985291706332,2.4846645101500906,0.11607079306278206,56.606652641118394,5.68765076434666e-19,0.8398952434967729
2018-12-31,0.0056015615649108765,0.6632963899883207,0.024979247584935693,0.07010438610218953,0.14823032517816584,0.05583211604933608,0.022651583170481906,1.70508740127969e-18,0.6819615910700687,0.6700390041992028,0.01953000374516607,0.7356799686994302,2.3551355845531408,13.93785742048625,0.41229123716317867,0.4287282160995913,2.4163346791728864,0.3395456178878864,57.57695147384857,4.0253594189789373e-19,0.8422077845535088
2019-01-31,0.006488451201631339,0.6940148266484133,0.01995024458115288,-0.04865009877964388,0.1204374607259721,0.16718054861062925,0.009645700504056793,3.836466903666772e-20,0.7532447244434591,0.7476767288530217,0.0523910398427834,0.2832648084481082,2.696098709863918,15.347924624323273,0.3161694305675241,-0.32355998983276146,1.9892304034644614,1.0851741209712398,60.88035377491575,1.286157071702924e-19,0.849603479093594
2019-02-28,0.007114787133577414,0.6722230322467526,0.03754591360190511,-0.0316982464984793,0.10220487351827647,0.15142862560748346,0.004833467206592877,5.71813040569229e-19,0.5551768199653991,0.8314724511451571,0.09658956486280403,0.3220113361974487,2.9550133752061876,14.335016651490156,0.5941878300321531,-0.2139756020094332,1.694815757329612,1.000655578358512,58.549386077608084,2.8607574836773947e-19,0.8444593471769681
2019-03-31,0.00693927533859072,0.6735931710988784,0.03577077095608999,-0.03478636451490681,0.1015881755738882,0.15284137445832174,0.006054456164536198,5.393338497608991e-19,0.5787462169814153,0.8162744135463731,0.10012276399237213,0.32013747769467304,2.8720379876583895,14.35647081488727,0.5590212222256647,-0.23361881994458247,1.67660022609601,1.0045783236057886,58.0935471422707,3.355420961182685e-19,0.8434119580449505
2019-04-30,0.007010317389278374,0.6756518875237266,0.035509074311548885,-0.04060409020331801,0.10144186588286463,0.15562255256798152,0.00528991856969731,1.1448175087420057e-18,0.5842510962518623,0.7827903174265487,0.10073235783493142,0.3084182557722988,2.9219235687557066,14.081867646007113,0.5509092968166962,-0.27723479709835813,1.6735111414726962,1.0294707532352296,57.332360889706784,4.389809051854064e-19,0.8416311652674704
2019-05-31,0.007048456177567332,0.6767628845682039,0.03344841929047105,-0.03997183545620174,0.10179751774215036,0.15461150456489112,0.005186031165055138,1.3315783755151705e-18,0.611440003389824,0.786058740602853,0.0948789507279108,0.31163472591793434,2.9292139794879257,14.027130715653726,0.5113648523790617,-0.27295500611286794,1.7038330391089935,1.0225757026427298,57.36341442362524,4.34169345737982e-19,0.8417046070419576
2019-06-30,0.006942836486255135,0.679481687769439,0.04193446617510763,-0.06104049028933997,0.10054155378391923,0.17613040183095566,0.005155540997344954,9.09195618788966e-19,0.5177515049552877,0.6791481284522511,0.09654691531028231,0.2447872816961079,2.9313794948023566,14.165589822023142,0.6516243616491462,-0.4161596268412521,1.6950389704217779,1.1775360994371011,59.69577930844753,1.9243669985109192e-19,0.8470325306131913
2019-07-31,0.006824280053248699,0.6770380024337782,0.0473894808238165,-0.06699224987460978,0.10183773267683417,0.1835317223159166,0.005904463854137069,1.1430041580401249e-18,0.4701776177546215,0.6496868120488877,0.08611366863273659,0.2194481305788126,2.8813440895551183,14.082442526567185,0.7279547586640287,-0.45706420520713925,1.7522701456762237,1.2442530583730844,59.94682781515996,1.765856678674889e-19,0.8475847089938818
2019-08-31,0.006599301686034517,0.6754261996182288,0.05568417727304884,-0.027319275104383985,0.11125641685483752,0.1252628611890208,0.007085707229595404,7.218108378932999e-19,0.392689699947659,0.8410794623989931,0.06643659899984458,0.3490987807043793,2.8133060181858727,14.249751947924567,0.8625213180089302,-0.20160247829498684,1.8781917335828495,0.9455798810707889,60.321500465491575,1.554126860436125e-19,0.8484014226034604
2019-09-30,0.0065066551225205155,0.6588044703113443,0.07259199345565541,-0.023345838169552855,0.10755258389374396,0.12871460176209176,0.0065434630756920804,1.6124194997409384e-17,0.27478704367393675,0.8627801008992714,0.06834566009039898,0.33162467525104156,2.843118175331839,13.142326722101217,1.1047220462062632,-0.17376604469175733,1.8646874079011158,0.9807683751776302,58.07850486449446,3.3731882526553865e-19,0.8433771546634597
2019-10-31,0.006262657949273775,0.6608658748618154,0.07548914069380933,-0.023794554844610436,0.10791667328325028,0.1274283665569154,0.009269442569609045,4.224275274270343e-17,0.25996318697174675,0.8605536758910804,0.07010613056822981,0.33833078496437985,2.711378026242946,12.809622362606985,1.1399510946818316,-0.17661529922409444,1.8525147547118805,0.9671221610112033,52.05157073239318,3.090890189972842e-18,0.8280660188527765
2019-11-30,0.006459772012437141,0.6482299599243874,0.10116489473253795,-0.05521200504892009,0.08805255309899196,0.18047398386261299,0.005957153789846499,1.3263428592374268e-16,0.1531986335947367,0.6879651302118135,0.14613110711733882,0.19737897162321322,2.8780502264674768,12.420545646477779,1.4513086577206817,-0.40405748171871225,1.4772841898063127,1.307180243208549,53.54088408953256,1.7538073915277907e-18,0.8321214510558737
2019-12-31,0.006188474128430494,0.650788749893917,0.09664692317000585,-0.06010066246516194,0.08491324657634808,0.180435358797361,0.008564785779674051,1.5990141629847164e-16,0.17224689044841784,0.6617531711409972,0.16072688552796327,0.19691441861821848,2.7440895801934193,12.476090778621145,1.3861355855452273,-0.4402792047442985,1.4251301634507114,1.3089525826103778,53.682580518751024,2.7342389909805183e-18,0.8351367379952276
2020-01-31,0.006237756385978393,0.6595892749011398,0.08609857799143503,-0.050390779329366246,0.09244592143147483,0.18758006240671432,0.008309686915425765,1.4879037710285395e-16,0.22629692693067632,0.7174352286678913,0.12292106747379059,0.1807691726877655,2.7556248959993286,12.500843428417832,1.2260247568307667,-0.3640744320199655,1.570871534779223,1.3585662014042346,51.4809256220422,6.243948923508226e-18,0.8291747391528713
2020-02-29,0.0058923498406956275,0.6793779275747327,0.06797762767453808,-0.16029574993904805,0.11596876845901144,0.24766441166778666,0.007097999892229963,1.7866304769052946e-18,0.3072447835767309,0.2458882384853317,0.040396630039466044,0.06560821526085801,2.815325048204254,14.075164155170313,1.0322346182075806,-1.1750632478580212,2.1079393320525655,1.8850920288970048,59.6119751400946,3.3825957777603866e-19,0.8493015164558331
2020-03-31,0.006031398894038991,0.6828592399255871,0.07450508218372219,-0.1674817701405229,0.11313286262431269,0.2439951950026561,0.006752723069533823,4.315289052437732e-18,0.2756762743617335,0.23163964206793058,0.04808635068334338,0.07220149344110123,2.8369101419529916,13.907666832048404,1.1032049873657037,-1.2121623282897813,2.0307251863641755,1.8401614981851686,56.99699576696913,1.406394337594452e-18,0.8459144575698466
2020-04-30,0.005581529669869699,0.6800574178723308,0.06449768950342227,-0.10588723288745994,0.1171865307520367,0.21896831828564015,0.00924769925634989,1.7693866643282303e-18,0.3265373911283499,0.43899284553594775,0.03384006960780023,0.09366383634254818,2.7198825829719926,14.41570042685966,0.9919263953559174,-0.7808267520149429,2.1888129887372707,1.712631618730164,62.2151440046887,4.39912722009967e-19,0.8595804285765172
2020-05-31,0.006576344222026338,0.7219907191253145,0.059543702891969225,-0.15920189945132235,0.10786170979958407,0.22692920757821794,0.004895642899319051,9.585977269986443e-19,0.3961296400493113,0.2708124049683451,0.06846999766671397,0.10347207518166214,2.9598690724498824,14.654767573350265,0.856737273296194,-1.114899659219511,1.866680993592986,1.6619622890181815,61.197393341555454,6.063468344338633e-19,0.8575445679108971
2020-06-30,0.00705123381451628,0.7320336815982077,0.059426840024806034,-0.08681773602323478,0.12046749977285445,0.21371182386817186,0.003870179030697627,3.687317181189775e-18,0.4160650927044245,0.5490621844852723,0.04997521773288794,0.13955417073528573,3.04596875009621,14.132668820516542,0.820839387524035,-0.6037185422823592,2.0143308267347417,1.5040539340890418,62.97107029489249,3.4764139533851144e-19,0.8610552829209537
2020-07-31,0.0072232459422815355,0.7488027635588637,0.046038008213763415,-0.05208141402502345,0.13783464708802587,0.16673572289826108,0.0036367177313294035,8.471878006160994e-19,0.5306327518190866,0.7204888479139153,0.02828826147585782,0.24667481236444577,3.0685501511664595,14.703272288306408,0.6319259898055319,-0.3600571464399378,2.266325321141284,1.1737380947752984,65.52640029170672,1.596753689224043e-19,0.8658193611812914
2020-08-31,0.007346241053636761,0.7492872172749085,0.03766478229379912,-0.04747504731285049,0.13848442788793747,0.16500805841232047,0.0026479292795121376,3.5808351092944117e-19,0.5877741039426405,0.7411138628752336,0.026089469410800002,0.24684005438875248,3.178393877288041,14.85450885590759,0.5458976742051561,-0.3323778819742598,2.2991207309359285,1.1729854049102468,67.21798749010382,5.3350589793908976e-20,0.8665235720671013
2020-09-30,0.007029122173056703,0.7666267135116515,0.03826994105909212,-0.0650857162308763,0.12158418013401945,0.19526688140666393,0.0027460169285056578,5.051274411913552e-20,0.5691924047166919,0.6384201793460431,0.04604709055750513,0.15490725095241858,3.165488410205185,15.62873058487327,0.5733617527013583,-0.47304212163696807,2.0504160447980073,1.4461769205613355,71.9172308064909,1.367537154824494e-20,0.8742560625086846
2020-10-31,0.006439877999870792,0.7857037257877362,-0.014171212598952862,0.019447935389436094,0.11839820357313187,0.13418135494558125,0.0038989194341433582,7.437899510541445e-21,0.8361362672665442,0.8878286815102061,0.04298179049929001,0.31545803769565245,3.03969958495215,16.412510126218876,-0.20801403611127758,0.14183631956039128,2.081491582096998,1.0149086615794585,78.93847313788537,2.056036540105004e-21,0.8842730122628408
2020-11-30,0.007358364863235939,0.7997505457714824,-0.053914143287610045,0.05558860247802755,0.10619656533074243,0.08301416607675871,0.0005748590720570406,5.979622703149472e-23,0.41714813522909,0.670271836105713,0.04757089888581997,0.5132401764356604,3.699704610276834,18.5121232417887,-0.8187543933350578,0.428521025517459,2.0356328062146662,0.6589074239711235,101.23168407920072,1.188877722513212e-23,0.907635203745651
2020-12-31,0.007157195756624596,0.7877199538106068,-0.044566590589495234,0.06429222708954621,0.10025928765109816,0.08447115810752792,0.0008415097324644674,3.5714852740497e-23,0.502232680204139,0.6288821035768815,0.06769566554801401,0.5102469954882431,3.572998206120176,18.747865093516836,-0.6763063243347748,0.48655760890763655,1.8711282170737096,0.6636183998237227,101.55851106451946,1.111182587282572e-23,0.9079077544292893
